{
    "A": {
        "best-path": [
            194,
            21,
            171,
            108,
            62,
            15,
            117,
            53,
            22,
            195,
            55,
            36,
            128,
            132,
            113,
            74,
            163,
            61,
            183,
            71,
            20,
            64,
            185,
            116,
            27,
            147,
            96,
            59,
            143,
            159,
            164,
            178,
            19,
            69,
            0,
            149,
            50,
            121,
            43,
            77,
            4,
            114,
            91,
            145,
            76,
            161,
            153,
            88,
            127,
            186,
            45,
            167,
            175,
            192,
            199,
            137,
            41,
            177,
            1,
            75,
            189,
            109,
            134,
            119,
            130,
            152,
            11,
            160,
            198,
            106,
            148,
            48,
            92,
            26,
            8,
            123,
            80,
            124,
            169,
            95,
            135,
            51,
            112,
            73,
            31,
            197,
            14,
            111,
            42,
            89,
            94,
            12,
            72,
            190,
            98,
            66,
            6,
            141,
            87,
            79
        ],
        "best-score": 76514.0,
        "score-avg": 78157.05,
        "score-min": 76514.0,
        "score-max": 80989.0,
        "runtimes-avg": 96.5709751009941,
        "runtimes-min": 96.51794338226318,
        "runtimes-max": 96.61207890510559,
        "iterations-avg": 971.5,
        "iterations-min": 777,
        "iterations-max": 1538
    },
    "B": {
        "best-path": [
            139,
            193,
            119,
            59,
            71,
            44,
            162,
            150,
            117,
            196,
            142,
            130,
            141,
            148,
            140,
            174,
            51,
            70,
            91,
            156,
            3,
            67,
            158,
            114,
            85,
            72,
            58,
            89,
            129,
            64,
            159,
            147,
            181,
            170,
            136,
            61,
            73,
            185,
            132,
            18,
            29,
            33,
            19,
            190,
            198,
            135,
            145,
            157,
            80,
            153,
            55,
            88,
            36,
            25,
            154,
            165,
            37,
            137,
            102,
            50,
            43,
            99,
            57,
            0,
            169,
            66,
            26,
            92,
            122,
            143,
            127,
            24,
            121,
            131,
            103,
            38,
            101,
            31,
            179,
            197,
            183,
            34,
            128,
            5,
            133,
            2,
            182,
            163,
            115,
            113,
            32,
            69,
            82,
            63,
            8,
            172,
            16,
            52,
            12,
            107
        ],
        "best-score": 68994.0,
        "score-avg": 71687.3,
        "score-min": 68994.0,
        "score-max": 75785.0,
        "runtimes-avg": 98.47204756736755,
        "runtimes-min": 98.41427898406982,
        "runtimes-max": 98.52102088928223,
        "iterations-avg": 986.2,
        "iterations-min": 809,
        "iterations-max": 1612
    },
    "C": {
        "best-path": [
            79,
            194,
            171,
            108,
            81,
            154,
            180,
            32,
            62,
            53,
            18,
            15,
            117,
            22,
            55,
            195,
            113,
            74,
            163,
            71,
            20,
            64,
            181,
            185,
            96,
            27,
            147,
            59,
            143,
            159,
            178,
            164,
            40,
            128,
            118,
            84,
            37,
            132,
            36,
            145,
            76,
            49,
            0,
            115,
            19,
            35,
            69,
            149,
            50,
            121,
            91,
            114,
            2,
            4,
            77,
            43,
            192,
            150,
            199,
            174,
            137,
            41,
            177,
            1,
            75,
            189,
            109,
            119,
            130,
            152,
            11,
            48,
            106,
            26,
            8,
            105,
            110,
            169,
            95,
            31,
            94,
            72,
            190,
            98,
            6,
            66,
            112,
            5,
            51,
            135,
            99,
            101,
            60,
            167,
            153,
            88,
            127,
            186,
            170,
            21
        ],
        "best-score": 50623.0,
        "score-avg": 52090.7,
        "score-min": 50623.0,
        "score-max": 54014.0,
        "runtimes-avg": 95.97499488592148,
        "runtimes-min": 95.93260097503662,
        "runtimes-max": 96.03013324737549,
        "iterations-avg": 979.0,
        "iterations-min": 795,
        "iterations-max": 1591
    },
    "D": {
        "best-path": [
            66,
            92,
            122,
            143,
            179,
            121,
            127,
            24,
            131,
            103,
            38,
            101,
            31,
            197,
            183,
            34,
            5,
            133,
            2,
            182,
            172,
            16,
            8,
            63,
            82,
            115,
            69,
            113,
            53,
            13,
            130,
            141,
            148,
            140,
            188,
            70,
            91,
            51,
            174,
            161,
            142,
            21,
            192,
            60,
            196,
            117,
            44,
            150,
            162,
            158,
            126,
            67,
            114,
            85,
            72,
            171,
            58,
            129,
            89,
            159,
            147,
            64,
            166,
            71,
            119,
            59,
            97,
            107,
            12,
            52,
            18,
            132,
            185,
            73,
            61,
            136,
            33,
            19,
            190,
            145,
            157,
            80,
            153,
            55,
            88,
            36,
            25,
            134,
            154,
            165,
            37,
            137,
            146,
            102,
            99,
            0,
            57,
            46,
            198,
            135
        ],
        "best-score": 45617.0,
        "score-avg": 48312.75,
        "score-min": 45617.0,
        "score-max": 51084.0,
        "runtimes-avg": 96.69797000885009,