{
    "A": {
        "best-path": [
            50,
            121,
            91,
            114,
            175,
            4,
            77,
            43,
            192,
            199,
            41,
            1,
            177,
            174,
            75,
            189,
            152,
            11,
            48,
            106,
            26,
            139,
            169,
            95,
            8,
            124,
            80,
            14,
            111,
            31,
            73,
            12,
            94,
            72,
            190,
            98,
            156,
            6,
            66,
            112,
            5,
            51,
            135,
            134,
            119,
            109,
            101,
            167,
            153,
            88,
            127,
            186,
            21,
            194,
            79,
            87,
            141,
            154,
            81,
            180,
            32,
            62,
            93,
            155,
            53,
            18,
            15,
            108,
            171,
            117,
            22,
            55,
            195,
            74,
            163,
            113,
            181,
            61,
            71,
            20,
            64,
            185,
            96,
            27,
            147,
            59,
            143,
            159,
            164,
            178,
            128,
            132,
            36,
            145,
            76,
            161,
            0,
            19,
            69,
            149
        ],
        "best-score": 76120.0,
        "score-avg": 78778.7,
        "score-min": 76120.0,
        "score-max": 81680.0,
        "runtimes-avg": 379.3666803240776,
        "runtimes-min": 379.31457352638245,
        "runtimes-max": 379.46280694007874,
        "iterations-avg": 3499.3,
        "iterations-min": 2726,
        "iterations-max": 5522
    },
    "B": {
        "best-path": [
            69,
            53,
            142,
            130,
            141,
            148,
            140,
            174,
            51,
            70,
            91,
            192,
            196,
            84,
            52,
            65,
            132,
            185,
            12,
            107,
            139,
            97,
            59,
            119,
            193,
            71,
            166,
            44,
            117,
            150,
            162,
            67,
            114,
            72,
            58,
            89,
            129,
            64,
            159,
            147,
            87,
            181,
            189,
            47,
            170,
            73,
            61,
            136,
            145,
            157,
            80,
            153,
            88,
            137,
            37,
            165,
            36,
            25,
            134,
            154,
            112,
            50,
            131,
            103,
            38,
            101,
            31,
            121,
            24,
            127,
            122,
            143,
            179,
            183,
            197,
            34,
            99,
            66,
            128,
            5,
            2,
            182,
            163,
            172,
            95,
            135,
            198,
            190,
            19,
            33,
            29,
            18,
            16,
            8,
            63,
            82,
            115,
            113,
            32,
            184
        ],
        "best-score": 70211.0,
        "score-avg": 72062.2,
        "score-min": 70211.0,
        "score-max": 75098.0,
        "runtimes-avg": 308.3840382218361,
        "runtimes-min": 308.3321931362152,
        "runtimes-max": 308.4516158103943,
        "iterations-avg": 2794.65,
        "iterations-min": 2248,
        "iterations-max": 4449
    },
    "C": {
        "best-path": [
            92,
            119,
            109,
            189,
            75,
            1,
            177,
            41,
            199,
            192,
            4,
            77,
            43,
            50,
            149,
            69,
            19,
            178,
            159,
            143,
            59,
            147,
            116,
            27,
            96,
            185,
            64,
            20,
            71,
            61,
            181,
            113,
            163,
            74,
            195,
            53,
            18,
            15,
            108,
            62,
            93,
            32,
            180,
            81,
            171,
            28,
            117,
            22,
            55,
            132,
            128,
            40,
            164,
            0,
            115,
            49,
            76,
            91,
            121,
            114,
            175,
            153,
            88,
            127,
            186,
            157,
            21,
            194,
            79,
            87,
            102,
            154,
            144,
            141,
            6,
            66,
            98,
            190,
            72,
            94,
            12,
            73,
            112,
            5,
            51,
            135,
            196,
            95,
            169,
            110,
            8,
            26,
            48,
            106,
            198,
            160,
            11,
            152,
            16,
            130
        ],
        "best-score": 50094.0,
        "score-avg": 51986.35,
        "score-min": 50094.0,
        "score-max": 53606.0,
        "runtimes-avg": 301.23477618694307,
        "runtimes-min": 301.1895980834961,
        "runtimes-max": 301.3048765659332,
        "iterations-avg": 2849.9,
        "iterations-min": 2365,
        "iterations-max": 4436
    },
    "D": {
        "best-path": [
            180,
            80,
            157,
            145,
            79,
            136,
            61,
            73,
            185,
            189,
            147,
            159,
            64,
            129,
            89,
            58,
            171,
            72,
            114,
            162,
            158,
            67,
            45,
            3,
            156,
            91,
            70,
            51,
            174,
            140,
            148,
            141,
            130,
            142,
            53,
            113,
            69,
            115,
            40,
            82,
            63,
            8,
            84,
            196,
            117,
            150,
            44,
            71,
            119,
            59,
            107,
            12,
            52,
            132,
            18,
            16,
            172,
            95,
            190,
            198,
            135,
            169,
            66,
            26,
            34,
            183,
            197,
            179,
            143,
            122,
            92,
            127,
            24,
            121,
            101,
            31,
            38,
            103,
            131,
            93,
            152,
            94,
            50,
            43,
            99,
            57,
            62,
            137,
            37,
            165,
            123,
            154,
            134,
            25,
            36,
            88,
            55,
            4,
            153,
            160
        ],
        "best-score": 46564.0,
        "score-avg": 48619.55,
        "score-min": 46564.0,
        "score-max": 50932.0,
        "runtimes-avg": 334.91877912282945,