{
    "A": {
        "best-path": [
            119,
            109,
            189,
            75,
            174,
            199,
            41,
            177,
            1,
            130,
            152,
            11,
            160,
            198,
            106,
            48,
            92,
            26,
            8,
            124,
            80,
            169,
            95,
            31,
            14,
            111,
            94,
            72,
            190,
            98,
            66,
            156,
            6,
            24,
            141,
            87,
            144,
            154,
            81,
            180,
            32,
            62,
            155,
            195,
            55,
            22,
            18,
            53,
            117,
            15,
            108,
            171,
            194,
            79,
            21,
            157,
            161,
            76,
            128,
            132,
            36,
            113,
            74,
            163,
            61,
            71,
            20,
            64,
            185,
            116,
            27,
            147,
            96,
            59,
            143,
            159,
            164,
            178,
            19,
            0,
            149,
            50,
            121,
            91,
            114,
            43,
            77,
            4,
            175,
            153,
            88,
            127,
            186,
            45,
            167,
            101,
            135,
            51,
            112,
            134
        ],
        "best-score": 74766.0,
        "score-avg": 76682.15,
        "score-min": 74766.0,
        "score-max": 79213.0,
        "runtimes-avg": 379.50662730932237,
        "runtimes-min": 379.32065081596375,
        "runtimes-max": 379.77814865112305,
        "iterations-avg": 1184.95,
        "iterations-min": 771,
        "iterations-max": 1987
    },
    "B": {
        "best-path": [
            169,
            0,
            57,
            99,
            50,
            152,
            94,
            112,
            154,
            25,
            36,
            165,
            37,
            137,
            88,
            153,
            80,
            157,
            145,
            136,
            73,
            185,
            189,
            181,
            147,
            159,
            64,
            129,
            89,
            58,
            72,
            114,
            67,
            45,
            3,
            156,
            91,
            70,
            51,
            174,
            188,
            140,
            148,
            141,
            130,
            142,
            21,
            192,
            196,
            117,
            150,
            158,
            162,
            44,
            71,
            119,
            59,
            139,
            107,
            12,
            132,
            52,
            14,
            8,
            63,
            82,
            115,
            2,
            133,
            182,
            163,
            95,
            172,
            16,
            18,
            29,
            33,
            19,
            190,
            198,
            135,
            66,
            128,
            5,
            34,
            183,
            197,
            179,
            31,
            101,
            38,
            103,
            131,
            121,
            24,
            127,
            143,
            122,
            92,
            26
        ],
        "best-score": 68804.0,
        "score-avg": 70725.25,
        "score-min": 68804.0,
        "score-max": 73873.0,
        "runtimes-avg": 308.4829747080803,
        "runtimes-min": 308.34463763237,
        "runtimes-max": 308.83915162086487,
        "iterations-avg": 1171.5,
        "iterations-min": 519,
        "iterations-max": 2411
    },
    "C": {
        "best-path": [
            96,
            27,
            147,
            59,
            143,
            159,
            164,
            178,
            19,
            69,
            149,
            50,
            77,
            4,
            192,
            199,
            174,
            137,
            41,
            177,
            1,
            75,
            189,
            109,
            119,
            152,
            11,
            162,
            160,
            198,
            106,
            48,
            92,
            26,
            8,
            110,
            169,
            95,
            31,
            73,
            12,
            94,
            72,
            190,
            98,
            156,
            6,
            66,
            112,
            51,
            135,
            101,
            167,
            45,
            186,
            127,
            88,
            153,
            175,
            114,
            121,
            0,
            40,
            128,
            132,
            36,
            55,
            195,
            22,
            18,
            53,
            117,
            15,
            108,
            171,
            21,
            194,
            79,
            87,
            141,
            144,
            154,
            81,
            131,
            180,
            32,
            62,
            93,
            155,
            163,
            74,
            113,
            181,
            25,
            61,
            183,
            71,
            20,
            64,
            185
        ],
        "best-score": 49389.0,
        "score-avg": 51275.85,
        "score-min": 49389.0,
        "score-max": 53318.0,
        "runtimes-avg": 301.3573672413826,
        "runtimes-min": 301.1954071521759,
        "runtimes-max": 301.7869598865509,
        "iterations-avg": 1039.0,
        "iterations-min": 504,
        "iterations-max": 1803
    },
    "D": {
        "best-path": [
            187,
            181,
            170,
            47,
            189,
            109,
            97,
            107,
            12,
            52,
            18,
            132,
            185,
            73,
            61,
            136,
            79,
            145,
            157,
            80,
            153,
            88,
            137,
            146,
            37,
            165,
            36,
            25,
            154,
            112,
            94,
            152,
            125,
            50,
            43,
            99,
            92,
            122,
            143,
            179,
            127,
            24,
            121,
            131,
            103,
            38,
            101,
            31,
            34,
            183,
            197,
            26,
            169,
            66,
            128,
            5,
            133,
            2,
            182,
            172,
            16,
            8,
            63,
            82,
            53,
            142,
            130,
            141,
            148,
            140,
            174,
            51,
            70,
            91,
            156,
            67,
            158,
            162,
            150,
            117,
            196,
            44,
            71,
            193,
            119,
            59,
            28,
            166,
            110,
            114,
            85,
            72,
            171,
            58,
            89,
            129,
            64,
            159,
            147,
            87
        ],
        "best-score": 46008.0,
        "score-avg": 48453.15,
        "score-min": 46008.0,
        "score-max": 50428.0,