{
    "A": {
        "best-path": [
            98,
            156,
            172,
            6,
            66,
            112,
            51,
            135,
            99,
            101,
            167,
            186,
            127,
            88,
            153,
            161,
            76,
            21,
            194,
            79,
            87,
            141,
            144,
            102,
            154,
            81,
            180,
            32,
            62,
            108,
            171,
            15,
            117,
            53,
            22,
            195,
            55,
            36,
            128,
            132,
            113,
            74,
            163,
            61,
            71,
            20,
            64,
            185,
            116,
            27,
            147,
            96,
            59,
            143,
            159,
            164,
            178,
            19,
            69,
            0,
            149,
            50,
            121,
            91,
            114,
            4,
            77,
            43,
            192,
            199,
            41,
            177,
            1,
            75,
            189,
            109,
            119,
            130,
            92,
            152,
            11,
            160,
            106,
            48,
            26,
            8,
            169,
            95,
            124,
            80,
            14,
            111,
            31,
            73,
            89,
            42,
            94,
            12,
            72,
            190
        ],
        "best-score": 73497.0,
        "score-avg": 74113.4,
        "score-min": 73497.0,
        "score-max": 74682.0,
        "runtimes-avg": 379.6511900186539,
        "runtimes-min": 379.3281798362732,
        "runtimes-max": 380.07054448127747,
        "iterations-avg": 428.75,
        "iterations-min": 395,
        "iterations-max": 486
    },
    "B": {
        "best-path": [
            4,
            55,
            88,
            137,
            37,
            165,
            123,
            36,
            25,
            134,
            154,
            112,
            50,
            99,
            57,
            0,
            169,
            66,
            92,
            122,
            143,
            179,
            121,
            127,
            24,
            131,
            103,
            38,
            101,
            31,
            197,
            183,
            34,
            5,
            2,
            182,
            163,
            172,
            95,
            135,
            198,
            190,
            19,
            33,
            29,
            18,
            52,
            16,
            8,
            63,
            82,
            115,
            69,
            53,
            142,
            130,
            141,
            148,
            140,
            174,
            51,
            70,
            91,
            156,
            67,
            114,
            72,
            85,
            58,
            89,
            129,
            64,
            159,
            147,
            181,
            170,
            189,
            59,
            119,
            193,
            71,
            44,
            162,
            158,
            150,
            117,
            192,
            196,
            139,
            107,
            12,
            132,
            185,
            73,
            136,
            79,
            145,
            157,
            80,
            153
        ],
        "best-score": 66822.0,
        "score-avg": 67305.8,
        "score-min": 66822.0,
        "score-max": 67831.0,
        "runtimes-avg": 308.69443879127505,
        "runtimes-min": 308.3453915119171,
        "runtimes-max": 309.2907795906067,
        "iterations-avg": 334.45,
        "iterations-min": 302,
        "iterations-max": 379
    },
    "C": {
        "best-path": [
            64,
            185,
            96,
            27,
            116,
            147,
            59,
            143,
            159,
            164,
            178,
            19,
            69,
            0,
            149,
            50,
            43,
            77,
            4,
            192,
            199,
            41,
            177,
            1,
            75,
            189,
            109,
            119,
            130,
            152,
            11,
            160,
            106,
            48,
            92,
            26,
            125,
            8,
            169,
            95,
            80,
            14,
            111,
            31,
            73,
            89,
            94,
            72,
            98,
            6,
            66,
            190,
            112,
            5,
            51,
            135,
            99,
            101,
            167,
            175,
            114,
            121,
            91,
            76,
            161,
            153,
            88,
            127,
            186,
            170,
            157,
            21,
            194,
            79,
            87,
            141,
            144,
            102,
            133,
            154,
            81,
            171,
            108,
            15,
            117,
            53,
            22,
            195,
            55,
            36,
            132,
            128,
            37,
            25,
            181,
            113,
            74,
            163,
            71,
            20
        ],
        "best-score": 48088.0,
        "score-avg": 48591.25,
        "score-min": 48088.0,
        "score-max": 49032.0,
        "runtimes-avg": 301.61741914749143,
        "runtimes-min": 301.21265268325806,
        "runtimes-max": 302.1648967266083,
        "iterations-avg": 285.55,
        "iterations-min": 267,
        "iterations-max": 316
    },
    "D": {
        "best-path": [
            4,
            55,
            88,
            137,
            37,
            165,
            123,
            36,
            25,
            134,
            154,
            112,
            50,
            43,
            99,
            92,
            122,
            143,
            179,
            127,
            24,
            121,
            131,
            103,
            38,
            101,
            31,
            34,
            183,
            197,
            26,
            66,
            169,
            135,
            198,
            190,
            19,
            95,
            172,
            16,
            65,
            52,
            14,
            8,
            63,
            82,
            142,
            130,
            141,
            148,
            140,
            188,
            174,
            51,
            70,
            91,
            156,
            3,
            192,
            21,
            196,
            117,
            44,
            150,
            162,
            158,
            126,
            67,
            114,
            72,
            171,
            58,
            89,
            159,
            147,
            64,
            129,
            85,
            166,
            71,
            59,
            119,
            193,
            139,
            97,
            107,
            12,
            132,
            185,
            18,
            29,
            33,
            73,
            61,
            136,
            79,
            145,
            157,
            80,
            153
        ],
        "best-score": 44019.0,
        "score-avg": 44340.15,
        "score-min": 44019.0,
        "score-max": 44769.0,
        "runtimes-avg": 335.3030076742172,