{
    "A": {
        "best-path": [
            180,
            81,
            154,
            144,
            141,
            87,
            79,
            194,
            21,
            171,
            108,
            15,
            117,
            22,
            55,
            36,
            132,
            128,
            145,
            76,
            161,
            153,
            88,
            127,
            186,
            45,
            167,
            101,
            99,
            135,
            51,
            112,
            66,
            6,
            172,
            156,
            98,
            190,
            72,
            94,
            12,
            73,
            31,
            111,
            14,
            80,
            95,
            169,
            8,
            26,
            92,
            48,
            106,
            160,
            11,
            152,
            130,
            119,
            109,
            189,
            75,
            1,
            177,
            41,
            137,
            174,
            199,
            192,
            175,
            114,
            4,
            77,
            43,
            121,
            91,
            50,
            149,
            0,
            19,
            178,
            164,
            159,
            143,
            59,
            147,
            116,
            27,
            96,
            185,
            64,
            20,
            71,
            61,
            163,
            74,
            113,
            195,
            53,
            62,
            32
        ],
        "best-score": 72864.0,
        "score-avg": 73087.65,
        "score-min": 72864.0,
        "score-max": 73462.0,
        "runtimes-avg": 379.4337496638298,
        "runtimes-min": 379.32380843162537,
        "runtimes-max": 379.5804042816162,
        "iterations-avg": 1388.5,
        "iterations-min": 1179,
        "iterations-max": 1553
    },
    "B": {
        "best-path": [
            134,
            25,
            36,
            165,
            37,
            137,
            88,
            55,
            4,
            153,
            80,
            157,
            145,
            79,
            136,
            73,
            185,
            132,
            52,
            12,
            107,
            189,
            170,
            181,
            147,
            159,
            64,
            129,
            89,
            58,
            171,
            72,
            114,
            85,
            166,
            59,
            119,
            193,
            71,
            44,
            196,
            117,
            150,
            162,
            158,
            67,
            156,
            91,
            70,
            51,
            174,
            140,
            148,
            141,
            130,
            142,
            53,
            69,
            115,
            82,
            63,
            8,
            16,
            18,
            29,
            33,
            19,
            190,
            198,
            135,
            95,
            172,
            163,
            182,
            2,
            5,
            34,
            183,
            197,
            31,
            101,
            38,
            103,
            131,
            24,
            127,
            121,
            179,
            143,
            122,
            92,
            26,
            66,
            169,
            0,
            57,
            99,
            50,
            112,
            154
        ],
        "best-score": 66136.0,
        "score-avg": 66270.25,
        "score-min": 66136.0,
        "score-max": 66548.0,
        "runtimes-avg": 308.42175023555757,
        "runtimes-min": 308.32879877090454,
        "runtimes-max": 308.55844140052795,
        "iterations-avg": 1211.45,
        "iterations-min": 918,
        "iterations-max": 1485
    },
    "C": {
        "best-path": [
            96,
            27,
            116,
            147,
            59,
            143,
            159,
            164,
            178,
            19,
            69,
            0,
            149,
            50,
            121,
            91,
            114,
            4,
            77,
            43,
            192,
            199,
            137,
            41,
            177,
            1,
            75,
            189,
            109,
            119,
            130,
            152,
            11,
            160,
            198,
            106,
            48,
            92,
            26,
            8,
            169,
            95,
            31,
            73,
            89,
            42,
            94,
            12,
            72,
            190,
            98,
            156,
            172,
            6,
            66,
            112,
            5,
            51,
            135,
            99,
            101,
            167,
            153,
            88,
            127,
            186,
            170,
            157,
            21,
            194,
            79,
            87,
            141,
            144,
            102,
            154,
            81,
            180,
            32,
            62,
            108,
            171,
            15,
            117,
            53,
            22,
            195,
            55,
            36,
            132,
            128,
            181,
            113,
            74,
            163,
            61,
            71,
            20,
            64,
            185
        ],
        "best-score": 46998.0,
        "score-avg": 47392.9,
        "score-min": 46998.0,
        "score-max": 47929.0,
        "runtimes-avg": 301.35667531490327,
        "runtimes-min": 301.20026445388794,
        "runtimes-max": 301.9075074195862,
        "iterations-avg": 1050.1,
        "iterations-min": 510,
        "iterations-max": 1346
    },
    "D": {
        "best-path": [
            51,
            70,
            91,
            156,
            3,
            67,
            158,
            162,
            150,
            117,
            196,
            44,
            71,
            193,
            119,
            59,
            166,
            85,
            114,
            72,
            171,
            58,
            89,
            129,
            64,
            159,
            147,
            181,
            170,
            47,
            189,
            109,
            12,
            107,
            139,
            52,
            18,
            132,
            185,
            73,
            61,
            136,
            79,
            145,
            157,
            80,
            153,
            4,
            55,
            88,
            36,
            25,
            134,
            154,
            123,
            165,
            37,
            137,
            99,
            50,
            24,
            127,
            121,
            131,
            103,
            38,
            101,
            31,
            34,
            183,
            197,
            179,
            143,
            122,
            92,
            26,
            66,
            169,
            135,
            198,
            190,
            19,
            95,
            172,
            16,
            8,
            63,
            82,
            115,
            69,
            113,
            32,
            53,
            142,
            130,
            141,
            148,
            140,
            188,
            174
        ],
        "best-score": 43062.0,
        "score-avg": 43307.1,
        "score-min": 43062.0,
        "score-max": 43598.0,
        "runtimes-avg": 334.96207840442656,