{
    "A": {
        "best_path": [
            178,
            19,
            0,
            149,
            50,
            91,
            121,
            114,
            4,
            43,
            77,
            192,
            199,
            41,
            1,
            137,
            177,
            174,
            75,
            189,
            109,
            119,
            130,
            92,
            48,
            152,
            11,
            160,
            106,
            26,
            8,
            124,
            80,
            14,
            111,
            94,
            12,
            89,
            73,
            31,
            95,
            169,
            112,
            72,
            190,
            98,
            156,
            6,
            66,
            51,
            135,
            101,
            167,
            45,
            186,
            127,
            88,
            153,
            161,
            76,
            21,
            194,
            79,
            87,
            141,
            144,
            154,
            133,
            171,
            81,
            180,
            32,
            62,
            108,
            15,
            117,
            53,
            22,
            195,
            55,
            36,
            128,
            132,
            113,
            74,
            163,
            61,
            183,
            71,
            20,
            64,
            181,
            185,
            96,
            27,
            147,
            59,
            143,
            159,
            164
        ],
        "best_score": 74773.0,
        "avg-score": 75447.45,
        "min-score": 74773.0,
        "max-score": 76051.0,
        "min_runtime": 338.99729681015015,
        "max_runtime": 403.86770272254944,
        "avg_runtime": 379.31417285203935
    },
    "B": {
        "best_path": [
            139,
            193,
            119,
            59,
            71,
            166,
            158,
            162,
            150,
            44,
            117,
            196,
            192,
            142,
            130,
            141,
            148,
            140,
            174,
            51,
            70,
            91,
            156,
            67,
            114,
            72,
            58,
            89,
            129,
            64,
            159,
            147,
            181,
            170,
            189,
            132,
            185,
            73,
            136,
            33,
            29,
            172,
            95,
            135,
            198,
            190,
            19,
            145,
            157,
            80,
            153,
            4,
            55,
            88,
            36,
            25,
            134,
            154,
            112,
            50,
            99,
            102,
            37,
            165,
            137,
            57,
            0,
            169,
            66,
            26,
            92,
            122,
            143,
            127,
            24,
            121,
            131,
            103,
            38,
            101,
            31,
            179,
            197,
            183,
            34,
            5,
            182,
            2,
            113,
            69,
            115,
            82,
            63,
            8,
            16,
            18,
            52,
            12,
            107,
            97
        ],
        "best_score": 67810.0,
        "avg-score": 68523.5,
        "min-score": 67810.0,
        "max-score": 69028.0,
        "min_runtime": 294.82848381996155,
        "max_runtime": 326.6911725997925,
        "avg_runtime": 308.32650423049927
    },
    "C": {
        "best_path": [
            79,
            194,
            21,
            171,
            108,
            15,
            117,
            53,
            22,
            195,
            55,
            36,
            132,
            128,
            164,
            178,
            159,
            143,
            59,
            147,
            96,
            185,
            25,
            181,
            64,
            20,
            71,
            61,
            113,
            163,
            74,
            138,
            155,
            62,
            32,
            180,
            81,
            154,
            141,
            6,
            172,
            156,
            66,
            98,
            190,
            72,
            94,
            12,
            73,
            31,
            111,
            14,
            80,
            124,
            123,
            8,
            110,
            139,
            169,
            95,
            112,
            5,
            51,
            196,
            135,
            134,
            119,
            109,
            130,
            92,
            48,
            11,
            152,
            1,
            177,
            41,
            137,
            199,
            174,
            75,
            189,
            126,
            101,
            167,
            175,
            114,
            4,
            77,
            43,
            19,
            69,
            0,
            149,
            50,
            121,
            91,
            153,
            88,
            127,
            186
        ],
        "best_score": 49141.0,
        "avg-score": 49567.45,
        "min-score": 49141.0,
        "max-score": 50190.0,
        "min_runtime": 290.4594945907593,
        "max_runtime": 320.3573772907257,
        "avg_runtime": 301.18759486675265
    },
    "D": {
        "best_path": [
            79,
            136,
            61,
            73,
            185,
            132,
            12,
            189,
            170,
            100,
            181,
            147,
            159,
            64,
            129,
            89,
            58,
            72,
            114,
            85,
            166,
            28,
            59,
            119,
            193,
            71,
            44,
            196,
            117,
            150,
            162,
            67,
            45,
            78,
            3,
            156,
            91,
            51,
            174,
            188,
            140,
            148,
            141,
            130,
            142,
            53,
            82,
            63,
            8,
            84,
            14,
            16,
            65,
            52,
            18,
            29,
            33,
            6,
            19,
            190,
            198,
            135,
            57,
            0,
            169,
            66,
            34,
            183,
            197,
            31,
            101,
            38,
            103,
            131,
            24,
            127,
            121,
            179,
            143,
            122,
            92,
            116,
            99,
            146,
            137,
            37,
            165,
            123,
            154,
            134,
            25,
            36,
            194,
            88,
            55,
            4,
            153,
            80,
            157,
            145
        ],
        "best_score": 45267.0,
        "avg-score": 45870.75,
        "min-score": 45267.0,
        "max-score": 46275.0,
        "min_runtime": 320.8209276199341,
        "max_runtime": 346.0440182685852,
        "avg_runtime": 334.86376013755796
    }
}