{
    "A": {
        "best_path": [
            32,
            180,
            81,
            154,
            144,
            141,
            87,
            79,
            194,
            21,
            171,
            108,
            15,
            117,
            22,
            55,
            36,
            132,
            128,
            145,
            76,
            161,
            153,
            88,
            127,
            186,
            45,
            167,
            101,
            99,
            135,
            51,
            112,
            66,
            6,
            156,
            98,
            190,
            72,
            12,
            94,
            89,
            73,
            31,
            111,
            14,
            80,
            95,
            169,
            8,
            26,
            92,
            48,
            106,
            160,
            11,
            152,
            130,
            119,
            109,
            189,
            75,
            1,
            177,
            41,
            137,
            174,
            199,
            192,
            175,
            114,
            4,
            77,
            43,
            121,
            91,
            50,
            149,
            0,
            19,
            178,
            164,
            159,
            143,
            59,
            147,
            116,
            27,
            96,
            185,
            64,
            20,
            71,
            61,
            163,
            74,
            113,
            195,
            53,
            62
        ],
        "best_score": 72894.0,
        "avg-score": 73114.1,
        "min-score": 72894.0,
        "max-score": 73445.0,
        "min_runtime": 379.32417821884155,
        "max_runtime": 379.6028401851654,
        "avg_runtime": 379.40495747327805,
        "min_epochs": 1878,
        "max_epochs": 1986,
        "avg_epochs": 1923.3
    },
    "B": {
        "best_path": [
            70,
            51,
            174,
            140,
            148,
            141,
            130,
            142,
            53,
            69,
            115,
            82,
            63,
            8,
            16,
            18,
            29,
            33,
            19,
            190,
            198,
            135,
            95,
            172,
            182,
            2,
            5,
            34,
            183,
            197,
            31,
            101,
            38,
            103,
            131,
            24,
            127,
            121,
            179,
            143,
            122,
            92,
            26,
            66,
            169,
            0,
            57,
            99,
            50,
            112,
            154,
            134,
            25,
            36,
            165,
            37,
            137,
            88,
            55,
            4,
            153,
            80,
            157,
            145,
            79,
            136,
            73,
            185,
            132,
            52,
            139,
            107,
            12,
            189,
            170,
            181,
            147,
            159,
            64,
            129,
            89,
            58,
            171,
            72,
            114,
            85,
            166,
            59,
            119,
            193,
            71,
            44,
            196,
            117,
            150,
            162,
            158,
            67,
            156,
            91
        ],
        "best_score": 66137.0,
        "avg-score": 66239.65,
        "min-score": 66137.0,
        "max-score": 66422.0,
        "min_runtime": 308.3276414871216,
        "max_runtime": 308.70230865478516,
        "avg_runtime": 308.42060009241106,
        "min_epochs": 1478,
        "max_epochs": 1579,
        "avg_epochs": 1534.25
    },
    "C": {
        "best_path": [
            112,
            5,
            51,
            135,
            99,
            101,
            167,
            45,
            186,
            127,
            88,
            153,
            161,
            76,
            145,
            128,
            132,
            36,
            55,
            22,
            117,
            15,
            108,
            171,
            21,
            194,
            79,
            87,
            141,
            144,
            102,
            154,
            81,
            180,
            32,
            62,
            53,
            195,
            113,
            74,
            163,
            61,
            71,
            20,
            64,
            185,
            96,
            27,
            116,
            147,
            59,
            143,
            159,
            164,
            178,
            19,
            69,
            0,
            149,
            50,
            121,
            91,
            114,
            4,
            77,
            43,
            192,
            199,
            137,
            41,
            177,
            1,
            75,
            189,
            109,
            119,
            130,
            152,
            11,
            106,
            48,
            92,
            26,
            8,
            110,
            169,
            95,
            31,
            73,
            89,
            42,
            94,
            12,
            72,
            190,
            98,
            156,
            172,
            6,
            66
        ],
        "best_score": 46805.0,
        "avg-score": 47259.75,
        "min-score": 46805.0,
        "max-score": 47686.0,
        "min_runtime": 301.2013771533966,
        "max_runtime": 301.4471492767334,
        "avg_runtime": 301.2940006494522,
        "min_epochs": 1448,
        "max_epochs": 1556,
        "avg_epochs": 1517.3
    },
    "D": {
        "best_path": [
            91,
            70,
            51,
            174,
            140,
            148,
            141,
            130,
            142,
            53,
            32,
            113,
            69,
            115,
            82,
            63,
            8,
            16,
            172,
            95,
            19,
            190,
            198,
            135,
            169,
            66,
            128,
            5,
            34,
            183,
            197,
            92,
            122,
            143,
            179,
            31,
            101,
            38,
            103,
            131,
            121,
            127,
            24,
            50,
            99,
            137,
            37,
            165,
            154,
            134,
            25,
            36,
            88,
            55,
            4,
            153,
            80,
            157,
            145,
            79,
            136,
            61,
            73,
            185,
            132,
            18,
            52,
            139,
            97,
            107,
            12,
            109,
            189,
            47,
            170,
            181,
            147,
            159,
            64,
            129,
            89,
            58,
            171,
            72,
            114,
            85,
            166,
            59,
            119,
            193,
            71,
            44,
            196,
            117,
            150,
            162,
            158,
            67,
            3,
            156
        ],
        "best_score": 43059.0,
        "avg-score": 43525.05,
        "min-score": 43059.0,
        "max-score": 44013.0,
        "min_runtime": 334.86638355255127,
        "max_runtime": 335.2387535572052,