{
    "A": 96.51506420373917,
    "B": 98.41253433227538,
    "C": 95.92240039110183,
    "D": 96.64699566364288
}