{
    "A": [
        97.37477946281433,
        97.12115406990051,
        97.42344236373901,
        96.62784385681152,
        95.99547839164734,
        96.55316138267517,
        96.32206892967224,
        96.33416199684143,
        96.26801681518555,
        96.99746346473694,
        96.04523730278015,
        96.4300811290741,
        96.72830939292908,
        96.7358717918396,
        95.50206136703491,
        96.61246371269226,
        95.61881065368652,
        96.4690306186676,
        96.69345927238464,
        96.44838809967041
    ],
    "B": [
        98.55508184432983,
        98.75312232971191,
        98.74700951576233,
        98.19828820228577,
        98.04340529441833,
        98.1478500366211,
        99.80400967597961,
        98.82225751876831,
        98.19010210037231,
        98.51767683029175,
        97.84726810455322,
        98.02871584892273,
        98.23655915260315,
        97.76406359672546,
        98.94936060905457,
        98.63114929199219,
        97.86778092384338,
        98.31760096549988,
        99.10922384262085,
        97.72016096115112
    ],
    "C": [
        96.19023156166077,
        96.02538347244263,
        96.00554251670837,
        95.7858076095581,
        96.00256371498108,
        96.53059077262878,
        95.75921607017517,
        95.95535635948181,
        95.72308444976807,
        95.8215479850769,
        95.65361046791077,
        96.05126070976257,
        95.8153464794159,
        96.60605597496033,
        95.50695490837097,
        95.9159004688263,
        95.87332606315613,
        95.30196905136108,
        96.00693154335022,
        95.9173276424408
    ],
    "D": [
        96.25887393951416,
        96.13005304336548,
        96.77433037757874,
        96.59738850593567,
        97.15084147453308,
        96.33093070983887,
        97.03181004524231,
        96.58875608444214,
        96.8630952835083,
        97.14701533317566,
        97.36699414253235,
        96.23736715316772,
        96.62513327598572,
        96.52089715003967,
        96.4135627746582,
        97.17202425003052,
        96.34282326698303,
        96.27306079864502,
        96.43918347358704,
        96.675772190094
    ]
}